SA4_CODE_2016,P_1_149_OM_UIE,P_1_149_CFW,P_1_149_ES_NS,P_1_149_Tot,P_150_299_E,P_150_299_OM_IE,P_150_299_OM_UIE,P_150_299_CFW,P_150_299_ES_NS,P_150_299_Tot,P_300_399_E,P_300_399_OM_IE,P_300_399_OM_UIE,P_300_399_CFW,P_300_399_ES_NS,P_300_399_Tot,P_400_499_E,P_400_499_OM_IE,P_400_499_OM_UIE,P_400_499_CFW,P_400_499_ES_NS,P_400_499_Tot,P_500_649_E,P_500_649_OM_IE,P_500_649_OM_UIE,P_500_649_CFW,P_500_649_ES_NS,P_500_649_Tot,P_650_799_E,P_650_799_OM_IE,P_650_799_OM_UIE,P_650_799_CFW,P_650_799_ES_NS,P_650_799_Tot,P_800_999_E,P_800_999_OM_IE,P_800_999_OM_UIE,P_800_999_CFW,P_800_999_ES_NS,P_800_999_Tot,P_1000_1249_E,P_1000_1249_OM_IE,P_1000_1249_OM_UIE,P_1000_1249_CFW,P_1000_1249_ES_NS,P_1000_1249_Tot,P_1250_1499_E,P_1250_1499_OM_IE,P_1250_1499_OM_UIE,P_1250_1499_CFW,P_1250_1499_ES_NS,P_1250_1499_Tot,P_1500_1749_E,P_1500_1749_OM_IE,P_1500_1749_OM_UIE,P_1500_1749_CFW,P_1500_1749_ES_NS,P_1500_1749_Tot,P_1750_1999_E,P_1750_1999_OM_IE,P_1750_1999_OM_UIE,P_1750_1999_CFW,P_1750_1999_ES_NS,P_1750_1999_Tot,P_2000_2999_E,P_2000_2999_OM_IE,P_2000_2999_OM_UIE,P_2000_2999_CFW,P_2000_2999_ES_NS,P_2000_2999_Tot,P_3000mor_E,P_3000mor_OM_IE,P_3000mor_OM_UIE,P_3000mor_CFW,P_3000mor_ES_NS,P_3000mor_Tot,P_PersInc_NS_E,P_PersInc_NS_OM_IE,P_PersInc_NS_OM_UIE,P_PersInc_NS_CFW,P_PersInc_NS_ES_NS,P_PersInc_NS_Tot,P_Tot_E,P_Tot_OM_IE,P_Tot_OM_UIE,P_Tot_CFW,P_Tot_ES_NS,P_Tot_Tot
101,232,209,59,3065,2175,129,523,312,72,3199,2633,205,608,238,87,3773,3623,205,739,254,88,4910,6050,448,1038,271,106,7915,7585,500,980,211,85,9360,8286,617,1010,170,127,10208,7374,747,911,163,91,9275,4592,548,620,92,49,5900,3469,591,442,84,38,4625,2696,283,258,54,21,3312,2947,449,350,81,34,3860,812,468,375,76,32,1765,876,89,156,105,79,1301,55846,5364,8352,2695,983,73243
102,305,135,58,4946,4088,137,556,153,74,5017,4317,280,677,177,89,5543,5454,308,756,131,99,6748,8996,510,1040,160,117,10826,11195,657,957,94,145,13047,12544,787,1045,99,112,14586,11111,1042,1057,78,95,13381,6964,732,621,41,54,8421,5659,725,490,32,40,6952,4146,412,295,24,29,4904,4236,783,384,31,37,5474,1356,705,363,28,24,2482,1243,127,152,38,108,1675,86009,7309,8802,1503,1115,104732
103,189,209,60,2986,2416,107,529,304,74,3423,2896,172,593,299,95,4061,3774,198,665,284,117,5039,6223,336,1036,306,148,8044,8081,411,935,253,123,9807,8834,557,1000,214,118,10725,8327,690,956,166,121,10255,5735,461,591,84,59,6923,4937,468,493,88,59,6046,3951,248,278,46,29,4556,5380,415,425,50,46,6316,1585,462,445,87,38,2611,985,66,166,137,118,1483,65855,4636,8462,3014,1230,83199
104,131,97,32,2054,1590,57,350,152,49,2199,1980,110,468,146,76,2778,2643,135,535,125,68,3501,4462,243,733,123,68,5623,5804,330,688,86,94,7006,5889,337,631,83,76,7023,4779,396,474,50,50,5754,2985,252,322,50,34,3651,2296,266,203,42,20,2835,1819,110,127,17,6,2086,1769,217,161,23,22,2187,507,253,154,15,9,935,538,40,93,35,50,760,38947,2793,5143,1278,679,48844
105,95,128,40,1398,1156,49,261,207,52,1727,1328,101,308,193,66,1993,1889,107,398,206,73,2676,3464,182,559,180,80,4463,4742,235,516,132,79,5703,5152,277,562,127,74,6193,4891,320,547,144,77,5980,3217,220,306,65,41,3844,2720,221,299,38,37,3305,2185,135,191,43,20,2568,2588,223,219,43,31,3091,666,238,260,50,18,1229,660,57,160,99,99,1074,35902,2396,4780,2017,791,45892
106,204,145,40,4030,3275,133,468,236,74,4182,3821,197,521,198,68,4811,4579,215,561,151,102,5601,7400,445,790,151,92,8880,9251,464,735,106,116,10671,10323,560,747,77,131,11833,10383,764,688,108,95,12042,7399,488,454,55,57,8452,6666,519,297,58,55,7593,5361,287,178,20,36,5876,9132,493,225,44,44,9942,2853,549,254,50,29,3729,1294,77,134,68,76,1657,85601,5279,6356,1833,1031,100101
107,246,104,58,4622,4284,109,467,124,67,5048,4322,165,541,115,80,5222,5409,206,612,97,91,6412,8178,391,853,105,104,9626,9662,497,743,69,100,11072,10638,655,828,84,108,12320,10861,833,770,58,82,12601,7520,599,524,41,62,8742,6505,637,394,43,48,7632,5207,338,224,17,23,5811,6771,602,303,18,27,7722,2048,632,320,25,16,3043,1166,86,116,26,95,1486,87024,5851,7018,1150,981,102028
108,200,156,75,2966,2078,90,566,293,72,3095,2664,194,720,273,138,3992,3735,212,739,208,116,5001,6395,383,1029,188,131,8127,7957,458,915,121,138,9582,8063,476,889,91,107,9625,6590,509,713,67,83,7959,4084,360,489,34,44,5009,3066,352,305,33,31,3786,2489,178,167,23,26,2877,2386,318,247,33,17,3005,714,389,259,19,25,1404,896,64,165,56,92,1267,53800,4032,7512,1913,1098,68360
109,99,138,31,1930,1583,78,211,177,43,2089,1785,126,306,174,64,2450,2445,158,337,151,51,3137,4115,330,524,198,72,5236,5092,363,537,124,86,6198,6016,392,538,117,70,7136,5298,446,565,118,66,6495,3470,338,333,81,33,4257,2481,332,275,36,21,3150,1709,185,158,27,19,2094,1824,269,233,59,26,2408,432,352,211,45,8,1050,671,60,97,70,74,977,38679,3473,4513,1794,675,49146
110,192,255,60,2704,2143,101,490,340,60,3140,2556,156,579,362,86,3736,3309,198,688,303,114,4612,5765,296,934,325,123,7448,7912,423,886,234,129,9586,8698,502,990,197,123,10513,7770,558,929,177,102,9536,4683,407,529,82,48,5756,3741,385,424,84,45,4678,2816,207,243,54,20,3337,3409,312,371,71,32,4195,990,449,364,76,28,1906,935,86,192,162,147,1519,57086,4170,7997,3284,1155,73688
111,298,108,53,5936,5202,149,582,164,79,6178,5798,260,668,139,96,6957,7287,290,704,120,96,8498,11742,521,986,115,135,13498,15346,734,1016,98,130,17323,18088,853,1040,94,125,20193,19046,1053,1027,78,112,21316,12824,839,634,47,76,14422,10816,882,509,44,60,12317,7717,485,291,12,28,8535,10529,915,440,23,40,11952,3768,1105,536,45,29,5485,1746,113,104,51,131,2148,135695,8322,8916,1443,1220,155588
112,283,191,80,3530,2759,107,694,269,101,3933,3205,210,955,285,111,4764,4690,271,1075,218,126,6373,7805,452,1433,217,146,10055,9738,505,1375,139,140,11896,10095,635,1279,152,141,12308,8517,808,1210,94,87,10724,4891,531,670,47,57,6196,3695,597,511,49,38,4891,2747,313,302,24,19,3409,2660,509,406,44,25,3649,852,584,410,34,20,1898,944,84,190,86,135,1435,65750,5694,10918,2171,1241,85780
113,113,146,43,2395,1845,63,272,225,47,2455,2243,130,350,211,60,2996,2992,148,432,171,72,3825,5252,323,702,241,103,6634,7794,350,739,195,105,9183,8606,479,820,166,119,10196,7663,552,743,173,97,9225,4950,381,510,99,56,5988,3719,379,378,74,49,4596,2735,219,231,37,24,3251,3023,326,281,53,37,3719,796,448,317,61,15,1634,898,79,152,98,68,1294,54742,3920,6155,2252,918,67996
114,172,89,40,2328,1767,103,311,129,59,2364,2038,177,456,145,63,2876,2715,193,507,80,60,3559,4405,323,713,117,85,5642,5295,365,677,74,96,6511,5537,410,672,61,70,6747,5012,474,714,58,54,6316,3147,333,389,48,36,3952,2607,407,289,34,35,3369,2013,236,183,23,13,2472,2167,367,243,25,15,2815,604,414,197,40,20,1284,645,77,101,38,56,912,40058,3931,5682,1170,725,51563
115,242,117,31,3915,3274,152,385,138,26,3976,3122,256,392,156,45,3970,3518,287,455,98,35,4398,5174,533,644,111,52,6519,6296,645,624,97,74,7732,7465,839,700,85,83,9173,7959,1022,731,82,67,9863,5588,881,531,46,43,7083,4785,968,389,47,35,6222,3678,596,252,26,20,4577,5535,1041,340,23,29,6966,2684,1103,333,37,23,4180,914,157,96,39,75,1267,63687,8603,6180,1365,642,80475
116,185,81,27,3505,3405,109,379,104,67,4064,3381,200,419,125,57,4178,4111,249,522,92,76,5053,6674,522,706,98,97,8097,10324,584,769,67,123,11866,13534,810,706,80,143,15275,14306,915,692,43,107,16064,9642,720,426,29,60,10879,7601,681,271,32,39,8615,5419,405,153,7,27,6009,6300,663,231,16,34,7239,2202,635,195,15,24,3065,1416,107,85,26,107,1740,91894,6677,5798,1011,1010,106400
117,336,150,97,6649,10227,242,690,203,179,11545,13100,501,954,202,206,14960,16147,571,1113,191,253,18272,23955,1137,1667,197,327,27287,34132,1504,1622,186,342,37790,50233,2053,1893,175,401,54761,65393,2661,1939,155,413,70564,55142,2117,1462,77,264,59060,52635,2571,1272,81,236,56792,40448,1876,953,66,162,43506,82179,3932,1614,82,251,88060,66584,7718,4289,133,298,79027,6317,388,304,81,434,7531,523949,27651,20300,2496,3946,578345
118,251,57,29,2809,3120,111,350,87,50,3714,3329,196,426,80,45,4080,4017,207,458,68,58,4810,5716,396,757,93,60,7010,6775,562,794,69,62,8260,8177,664,953,98,87,9986,9420,990,1021,104,104,11627,7049,808,749,68,47,8723,6307,936,711,50,57,8057,4778,618,427,41,36,5890,6715,1124,703,71,34,8646,3191,1906,841,164,32,6125,964,142,171,29,103,1412,72289,8793,8693,1300,800,91871
119,313,144,60,4706,5307,238,681,219,102,6546,5959,410,955,218,120,7662,6940,634,1157,184,129,9035,10778,1156,1564,222,220,13939,14196,1320,1567,199,203,17487,16606,1645,1498,170,194,20111,16536,1823,1393,136,180,20063,10989,1246,778,63,92,13169,8946,1269,579,51,67,10920,6177,740,367,26,43,7352,7636,1148,463,48,43,9337,2841,1264,494,48,46,4690,1856,204,181,53,150,2443,119379,13286,12103,2170,1690,148635
120,248,83,28,3097,3475,137,383,112,44,4155,3943,280,518,126,61,4922,4317,285,588,99,69,5359,6444,604,853,131,89,8118,8344,773,911,103,112,10243,11062,917,932,91,129,13132,12263,1124,1054,96,114,14655,8601,874,726,59,77,10333,7051,998,557,53,41,8689,5272,637,346,29,36,6313,8368,1063,525,44,44,10038,3994,1318,492,48,31,5887,1161,125,107,25,100,1524,87300,9278,8315,1346,991,107232
121,451,169,34,6303,6241,260,623,186,56,7376,6178,439,687,187,87,7573,7131,468,820,143,93,8656,9912,837,1097,165,133,12155,12911,1107,1126,154,112,15408,18353,1456,1304,125,154,21397,22405,1663,1431,145,146,25786,17658,1588,1024,102,103,20468,16355,1768,918,97,76,19207,12579,1273,625,62,63,14607,23777,2544,1036,112,102,27571,16968,4219,1392,218,95,22892,2156,270,194,60,166,2844,178774,18143,12866,2408,1448,213633
122,317,91,23,4102,3090,151,454,139,20,3856,3061,243,469,114,42,3930,3727,315,571,93,49,4750,5594,547,883,126,71,7225,7067,735,916,81,75,8869,8407,967,1023,96,86,10576,9020,1179,1054,94,77,11421,6158,1087,853,62,48,8217,4912,1293,681,58,40,6979,3308,769,442,40,31,4590,4516,1507,673,59,30,6790,2393,1822,511,87,28,4846,989,152,134,30,75,1379,66096,10930,9061,1440,708,88233
123,178,98,33,3370,2902,120,304,102,44,3469,3103,175,355,111,59,3810,3502,239,432,79,76,4335,5727,432,611,81,93,6943,8070,493,612,67,116,9359,9382,661,672,57,102,10871,9264,828,569,46,84,10786,6050,613,367,19,56,7100,4741,632,254,16,35,5678,3528,354,174,13,23,4089,4119,540,208,13,29,4909,1308,499,183,23,24,2035,1076,82,72,22,78,1338,66069,5742,5034,940,870,78655
124,237,95,35,4328,3787,127,502,132,43,4587,3890,226,591,145,72,4922,4928,252,633,113,72,6003,7839,468,926,106,95,9441,9889,607,914,97,115,11631,11904,805,955,81,118,13860,11681,1032,878,59,83,13729,7962,756,600,38,65,9426,6457,706,467,26,29,7689,4708,459,278,18,19,5478,5142,702,336,20,14,6226,1506,611,331,23,17,2488,1317,134,150,35,86,1716,85262,6976,7889,1244,899,102264
125,241,104,56,4355,5433,213,528,181,108,6459,6295,366,741,193,122,7730,7524,503,886,155,148,9209,12509,943,1237,220,208,15113,19742,1237,1116,134,242,22467,26466,1527,1197,129,261,29583,29815,1791,1147,95,224,33074,21197,1282,652,54,134,23307,17255,1265,527,39,88,19170,12890,693,313,24,71,13988,18353,1210,448,26,68,20111,7443,1370,409,29,53,9305,2527,207,172,49,217,3179,192017,12808,9719,1770,2047,218360
126,164,76,27,2787,3037,104,268,63,29,3496,2800,169,295,76,30,3367,3252,186,364,77,44,3922,4729,326,465,76,46,5633,6130,403,465,57,57,7102,8078,509,480,60,56,9176,10291,659,517,49,63,11588,8452,518,342,22,50,9389,8096,548,238,28,25,8932,6886,343,203,21,18,7472,13666,634,300,25,35,14665,9030,857,276,30,37,10228,1037,95,69,23,64,1292,88232,5462,4480,834,597,99607
127,168,118,63,3577,4641,161,416,163,82,5473,4805,338,573,146,108,5972,5390,401,716,150,128,6780,8805,739,964,147,178,10830,12410,956,1011,100,172,14651,15386,1191,982,95,200,17853,15107,1412,926,81,167,17700,10450,969,513,45,86,12067,8031,888,392,32,59,9407,5745,525,218,19,42,6541,6272,781,271,19,50,7383,2025,824,270,26,35,3173,1600,159,127,44,133,2069,104308,9485,7632,1539,1521,124482
128,210,67,35,3828,3063,95,278,92,28,3550,2871,157,364,92,40,3528,3390,169,375,66,47,4048,4910,384,568,76,47,5982,5885,551,596,65,64,7161,6622,678,655,59,60,8076,6556,869,707,61,69,8265,4434,654,432,30,30,5576,3572,806,422,25,38,4866,2580,493,244,14,20,3352,3130,812,355,27,24,4347,1089,864,295,29,14,2296,790,114,78,25,53,1063,52554,6737,5613,893,587,66381
197,0,0,0,0,3,0,0,0,0,3,0,0,0,0,0,3,0,0,0,0,3,3,0,0,0,0,0,3,9,0,3,0,0,12,8,0,0,0,0,10,6,3,3,0,0,14,4,0,0,0,0,4,8,0,0,0,0,9,4,0,0,0,0,4,12,0,0,0,0,11,11,0,0,0,0,16,0,0,0,0,0,0,61,7,16,0,3,86
199,939,174,77,3845,3826,260,2162,179,154,6585,4681,498,2945,203,187,8519,6261,639,3501,165,235,10804,8915,1278,4793,200,288,15471,9330,1717,4905,143,291,16390,10725,2314,5589,137,315,19084,10879,2898,5773,99,312,19957,6948,2053,3893,51,143,13081,5261,1907,2729,65,108,10074,3117,1043,1488,20,64,5734,3772,1212,1563,44,74,6656,1314,814,718,44,48,2935,1529,372,690,71,255,2919,79636,17188,41954,1997,2587,143365
201,157,140,57,2732,2389,110,335,179,53,3069,2490,163,408,161,65,3280,3193,201,450,118,71,4037,5012,341,574,133,88,6140,6310,425,564,112,99,7511,7166,442,546,84,77,8309,6707,478,468,69,81,7806,4281,381,238,36,44,4980,3309,334,183,19,31,3880,2138,184,128,26,20,2499,2207,326,172,25,15,2739,694,378,190,44,17,1320,740,62,78,42,66,982,49149,3900,4570,1462,787,59866
202,163,121,54,2757,2090,99,353,167,44,2756,2351,146,436,147,57,3136,3032,154,456,121,68,3828,5082,313,603,127,81,6213,6777,359,588,120,101,7943,7348,472,571,82,92,8564,6575,470,542,45,71,7700,4523,394,308,30,30,5287,3343,374,261,25,29,4022,2093,186,140,18,21,2454,2359,328,158,22,15,2892,711,385,172,17,15,1301,770,54,97,69,50,1039,49598,3776,4919,1358,747,60402
203,266,144,73,5233,4393,173,489,172,67,5290,4563,268,623,195,80,5727,5580,281,634,136,81,6710,8608,542,858,158,102,10264,10403,597,883,133,126,12133,11953,776,856,117,133,13840,12009,878,896,89,85,13955,8129,734,574,69,57,9563,6492,740,468,45,49,7798,4400,421,244,22,31,5111,5022,673,356,45,33,6131,1773,865,356,61,19,3076,1382,136,131,61,101,1811,89726,7213,7711,1758,1061,107466
204,197,178,51,2859,2085,112,420,286,65,2976,2464,231,519,280,73,3563,3312,250,630,208,86,4482,5480,409,854,257,115,7123,7207,547,734,140,122,8758,8195,561,824,146,124,9849,7666,617,701,120,104,9215,5181,415,443,86,39,6160,3657,424,341,49,53,4527,2415,199,202,30,35,2884,2192,331,251,36,25,2839,610,343,230,44,16,1241,932,81,143,88,77,1323,53996,4596,6598,2322,1004,68527
205,318,251,91,4625,3658,157,686,317,111,4933,4115,278,895,332,117,5738,5378,324,976,253,129,7065,8358,547,1292,296,173,10665,9876,697,1194,191,161,12122,10583,706,1189,191,158,12829,9942,807,1056,148,148,12100,6495,560,715,73,76,7917,5080,563,475,67,52,6236,3674,334,237,37,39,4324,4585,482,363,52,46,5526,1954,524,318,71,41,2909,1360,148,267,133,150,2062,79276,6251,10180,2958,1526,100188
206,641,289,169,12353,16658,475,1312,388,231,19065,18607,840,1487,358,294,21583,21700,956,1674,308,315,24955,32359,1644,2389,351,451,37196,44140,2109,2458,304,460,49466,64797,2739,2828,309,524,71189,81635,3474,2875,239,515,88730,67048,2914,2189,143,326,72619,61575,3431,1811,156,287,67264,45307,2356,1276,92,180,49205,84212,4852,2187,155,257,91666,54267,8578,4338,226,314,67721,8039,608,454,140,530,9767,613394,35541,28224,4371,4937,686467
207,340,148,45,6543,6081,251,571,191,69,7155,5616,423,634,212,67,6956,6109,492,665,142,82,7497,8892,797,932,192,97,10902,10779,960,920,153,98,12912,13660,1042,1031,143,113,15987,15016,1355,1003,124,104,17605,11097,1036,730,93,61,13019,9674,1219,634,81,56,11665,6948,794,407,49,42,8238,10206,1510,601,67,39,12426,4996,2102,735,111,43,7987,1745,211,163,47,122,2292,117182,12451,9454,2178,1066,142323
208,425,195,57,7351,6626,265,736,198,86,7903,6092,450,774,199,97,7616,6988,523,915,171,103,8698,10328,874,1230,188,118,12741,13732,1143,1270,172,139,16457,16515,1338,1376,125,165,19518,16676,1743,1420,126,130,20097,11036,1397,966,73,75,13542,8553,1674,776,107,66,11173,5695,1006,507,56,54,7321,7068,1760,821,75,44,9764,3261,2154,798,126,43,6389,1984,268,221,65,154,2695,121609,14883,12377,2371,1334,152571
209,390,188,87,7264,6297,245,717,220,97,7575,5954,438,818,183,115,7516,6833,558,884,160,136,8572,10553,887,1219,166,168,12987,13825,1126,1105,158,181,16395,16227,1342,1194,121,217,19097,16073,1534,1126,108,154,18990,10903,1180,720,55,90,12951,8370,1268,532,42,66,10278,5600,686,329,28,34,6678,5676,1056,425,41,42,7235,2249,1106,435,48,35,3871,2013,227,157,70,153,2623,117600,11871,10149,1973,1613,143201
210,259,127,75,4776,4471,204,526,183,111,5486,4660,316,655,164,123,5923,5638,434,721,140,141,7078,9639,795,1012,156,166,11772,13868,1045,988,104,207,16210,17715,1175,945,89,230,20155,17845,1387,877,72,177,20364,11790,1069,553,56,91,13554,8657,1041,356,50,72,10189,5904,611,271,28,33,6844,7051,860,305,28,33,8274,2953,885,221,37,39,4138,2031,194,173,68,162,2620,116945,10181,7956,1651,1698,138428
211,551,237,88,9265,7910,286,917,327,95,9537,7215,585,1017,303,117,9237,8289,643,1126,229,133,10415,12747,1011,1527,239,132,15652,16575,1368,1469,214,176,19801,19912,1636,1546,151,200,23442,19315,1905,1477,158,155,23022,12415,1503,1010,73,83,15075,9293,1583,720,78,55,11737,6092,893,443,39,40,7508,7120,1385,604,47,44,9199,2745,1380,416,51,38,4643,2464,273,242,89,139,3204,140933,14704,13187,2813,1516,173162
212,545,304,143,10817,10384,417,1130,398,143,12461,10087,772,1273,392,176,12700,12094,822,1491,287,226,14924,20218,1511,1993,356,274,24354,29323,1945,1934,279,354,33838,36971,2304,2076,228,338,41913,38201,2686,1921,179,285,43276,25596,1976,1231,101,168,29072,19872,2038,848,83,121,22972,13369,1228,493,66,64,15215,17236,1880,648,79,78,19923,7134,2205,640,78,72,10135,4197,378,308,112,298,5290,255405,20522,16732,3702,2802,299165
213,484,236,114,8972,8503,327,948,273,175,10221,8349,549,1180,297,184,10564,9667,653,1208,231,192,11962,15395,1190,1655,273,266,18779,21936,1483,1558,224,301,25498,27051,1764,1652,163,316,30948,27552,2128,1505,125,231,31542,18510,1408,873,72,130,20998,13504,1395,647,61,94,15696,8928,768,385,28,75,10185,10084,1216,474,48,67,11887,3611,1311,401,41,57,5420,3191,200,239,84,252,3966,185135,14686,13378,2758,2496,218458
214,287,140,54,4957,3731,188,515,194,53,4685,3781,296,633,175,93,4975,4638,345,757,159,103,6002,7731,639,982,140,104,9589,9398,755,948,116,125,11348,10285,982,946,113,97,12424,9400,1097,974,100,87,11657,6091,957,672,50,56,7820,4453,912,515,55,39,5976,3036,528,299,32,20,3909,2851,796,355,37,24,4065,1052,827,362,53,29,2330,1381,175,163,58,116,1892,72541,8622,8485,1726,1018,92394
215,179,219,71,2736,1991,107,352,305,74,2829,2245,179,449,274,77,3225,3042,269,512,328,81,4229,5116,454,746,333,128,6780,6913,497,670,266,113,8461,7433,611,733,221,122,9125,6431,652,641,193,63,7979,3850,397,382,103,40,4776,2786,431,280,63,41,3594,1697,215,164,40,26,2136,1568,293,227,42,30,2159,464,356,193,93,14,1121,817,88,143,132,88,1268,46806,4655,5841,3127,966,61396
216,132,133,50,2388,1520,84,274,188,33,2100,1960,168,403,193,64,2788,2652,214,435,156,63,3522,4435,371,566,195,82,5646,5772,451,555,116,102,7004,6608,484,553,89,66,7796,6265,542,485,67,91,7456,3760,377,270,43,39,4484,2777,345,184,33,28,3361,1794,185,100,24,21,2122,1659,328,149,23,23,2180,517,330,185,39,22,1097,805,94,109,85,95,1180,42687,4058,4538,1732,792,53808
217,208,165,50,2594,1813,97,340,197,60,2509,2143,105,452,218,62,2982,2635,178,577,189,80,3667,4311,243,748,203,100,5605,5181,342,717,188,85,6522,6092,380,784,134,83,7476,5702,429,665,128,70,6990,3358,316,432,69,44,4216,2561,259,316,51,37,3228,1728,158,206,41,21,2155,1707,251,284,36,32,2315,528,326,340,56,23,1266,719,64,151,76,86,1095,40769,3216,6381,2095,867,53330
297,0,0,0,0,4,0,0,0,0,3,0,0,0,0,0,0,0,0,0,0,0,3,5,0,0,0,0,3,7,4,0,0,0,7,5,0,0,0,0,5,5,0,0,0,0,9,10,0,0,0,0,7,8,0,0,0,0,8,11,0,0,0,0,11,29,0,0,0,0,29,59,0,0,0,0,60,3,0,0,3,0,5,146,3,4,3,3,157
299,719,135,66,3527,3530,220,1875,169,127,5922,3897,409,2220,159,142,6827,5299,620,2736,140,218,9016,7173,1064,3875,136,240,12484,7330,1502,4014,123,246,13208,8405,2099,4604,128,268,15503,8405,2518,4859,103,267,16145,6024,1804,3268,53,157,11304,4322,1770,2184,26,106,8413,2767,863,1196,23,56,4907,3142,1064,1089,20,63,5375,1130,636,508,36,45,2357,1597,397,640,76,216,2922,66022,15171,33984,1616,2241,119032
301,215,107,28,3565,2857,107,333,117,39,3459,2697,187,395,115,45,3435,3273,227,483,71,50,4101,5493,376,645,104,69,6686,7998,509,606,83,87,9279,9786,672,652,76,73,11254,9694,877,688,76,65,11392,6179,635,412,37,32,7295,5089,817,340,41,27,6305,3324,457,229,21,17,4046,4133,745,276,29,19,5199,1659,747,192,34,28,2657,973,122,88,28,76,1297,66546,6580,5611,1150,660,80553
302,167,67,28,3535,3208,61,321,82,42,3709,3346,143,359,59,44,3957,4141,192,391,46,47,4824,7275,330,589,59,79,8331,11543,404,536,66,96,12655,14683,524,603,44,114,15966,15345,670,607,48,72,16738,10206,552,438,29,52,11271,8667,697,339,23,30,9761,5646,409,199,16,25,6301,7963,685,282,21,24,8972,3383,780,241,25,19,4451,1293,71,78,19,80,1537,100183,5590,5185,787,762,112509
303,295,129,43,5035,5129,196,500,162,60,6043,5245,312,648,157,59,6422,6306,379,699,132,77,7597,10304,624,1002,167,110,12205,14684,778,963,141,113,16693,19244,991,1009,130,137,21511,20658,1253,1020,94,111,23143,14267,953,671,72,80,16039,11796,1152,480,64,67,13554,7352,610,281,26,28,8301,9342,1179,405,43,37,11001,3393,1281,416,49,36,5171,1664,136,106,33,125,2059,134274,10014,8580,1738,1106,155714
304,195,60,19,3358,3158,89,254,73,18,3586,2606,136,276,63,24,3098,2858,139,322,54,26,3400,4333,246,430,66,46,5122,4861,280,420,47,31,5635,5610,371,457,41,27,6505,6355,482,499,44,26,7412,5057,361,294,27,12,5754,4408,533,280,38,14,5271,2611,291,182,22,11,3119,3246,504,274,29,14,4071,1235,645,214,39,11,2144,548,48,70,13,35,724,50142,4209,4202,754,333,59640
305,290,121,44,5752,7080,161,482,129,92,7945,7774,282,601,129,93,8880,9520,341,598,128,86,10666,14687,612,852,122,137,16416,20565,733,922,105,143,22467,29306,942,1045,111,177,31577,38190,1354,1121,127,169,40954,31795,1199,848,81,109,34038,29993,1601,727,53,103,32482,22766,973,533,37,80,24387,39443,2241,886,84,104,42755,22412,4005,2061,136,113,28726,2997,214,166,41,165,3591,282509,14874,11227,1796,1647,312065
306,206,168,55,3495,2634,95,468,235,71,3500,3315,230,613,232,79,4475,4519,235,719,193,105,5764,8272,464,1009,183,114,10048,11456,556,1019,151,159,13337,13033,712,1005,136,103,14989,11583,888,926,127,113,13633,7306,614,604,66,71,8669,6008,679,491,51,54,7279,3624,356,249,39,16,4284,3907,552,340,48,44,4895,1240,621,334,55,28,2273,1249,107,191,103,138,1776,81467,6198,8288,2176,1172,99301
307,192,264,40,2068,1440,79,336,363,59,2289,1621,153,501,346,62,2690,2144,149,509,283,77,3158,3958,336,755,271,78,5399,5302,372,644,227,85,6620,6147,445,702,202,98,7591,5806,517,621,187,84,7215,3687,367,457,89,50,4642,3031,386,294,66,29,3810,2089,191,192,63,17,2554,3179,270,264,64,20,3800,1194,346,236,117,27,1920,632,103,148,192,74,1159,41926,3793,6050,3358,824,55949
308,229,194,53,3667,2975,73,402,198,52,3698,3129,133,439,218,81,4005,3830,139,482,148,67,4663,6469,279,644,163,84,7643,8388,348,634,126,82,9582,9473,417,589,136,107,10721,9992,566,676,125,83,11452,7679,463,437,85,57,8718,6686,521,357,66,52,7684,5433,266,228,44,27,6001,9905,484,322,55,62,10831,4261,516,335,104,40,5255,1217,101,118,115,104,1659,82907,4378,6031,2269,977,96570
309,517,288,75,8728,7826,369,1101,386,116,9798,8578,729,1318,409,151,11191,11166,789,1557,331,167,14002,19295,1454,2162,359,264,23538,26118,1847,2211,271,266,30723,29427,2210,2293,261,229,34416,27210,2751,2275,224,211,32673,16856,2219,1508,172,129,20882,13389,2384,1154,124,82,17138,8307,1304,628,65,52,10353,9507,2240,833,100,69,12752,3700,2653,759,128,69,7297,2868,363,301,111,248,3887,192614,21627,18828,4015,2176,239261
310,263,148,37,3824,3294,111,489,209,48,4150,3395,194,530,170,81,4368,4255,189,595,137,78,5252,7753,387,786,157,112,9200,11527,469,775,99,138,13011,14180,622,753,82,115,15753,14320,700,764,72,103,15962,9812,539,463,30,58,10898,8061,558,324,47,43,9038,4732,300,209,19,18,5280,5420,469,262,22,28,6196,1681,535,227,29,18,2494,1317,88,121,48,108,1687,93396,5245,6650,1621,996,107904
311,216,120,46,3625,3207,130,471,186,57,4054,3431,216,522,180,62,4417,4211,265,627,149,86,5342,7593,502,806,185,106,9193,10722,640,838,112,110,12428,11988,817,897,98,117,13910,11321,920,828,89,85,13249,7188,748,524,49,53,8551,5605,751,398,25,35,6818,3123,392,214,29,16,3773,3499,670,261,15,18,4468,1100,672,215,28,19,2024,1162,133,131,61,89,1575,77663,6961,7039,1661,918,94250
312,159,116,29,2601,1971,80,296,157,44,2536,2326,124,299,128,73,2953,2994,158,332,110,66,3650,5352,249,510,141,73,6332,6818,293,522,107,111,7850,8169,365,521,109,85,9250,8191,531,552,83,93,9452,5996,459,343,74,46,6915,5789,547,244,56,59,6699,4705,260,144,30,29,5168,9430,468,228,41,56,10221,3929,590,221,63,38,4833,1266,106,95,107,91,1658,69420,4290,4536,1708,887,80844
313,206,117,32,3250,2469,81,382,134,42,3109,2680,180,433,123,70,3477,3303,170,441,121,69,4110,5809,360,674,119,87,7045,7159,415,625,90,77,8366,7864,486,601,76,74,9101,7466,546,599,53,53,8725,4707,474,339,33,35,5593,3746,485,298,24,20,4578,1986,249,163,9,8,2419,1993,393,196,25,16,2614,671,362,178,21,13,1244,815,63,83,32,57,1051,53721,4335,5304,1218,662,65244
314,214,98,15,2866,2132,73,306,77,22,2616,1928,132,357,86,34,2539,2394,181,324,63,30,2994,3947,259,499,67,35,4806,5229,364,507,55,30,6184,5975,421,499,47,49,6988,5385,587,467,59,38,6532,3198,470,342,23,23,4053,2820,571,248,24,18,3682,1430,261,141,13,6,1855,1737,510,201,18,16,2484,593,429,156,9,12,1205,568,50,53,10,39,725,40022,4395,4359,884,368,50032
315,63,102,13,794,913,44,137,135,19,1255,898,68,150,135,32,1279,1357,65,176,118,29,1740,2539,139,250,102,47,3079,3078,145,287,67,47,3626,3407,161,284,85,48,3980,3737,192,280,72,45,4327,2925,145,203,42,29,3341,2560,187,146,28,23,2948,2209,101,104,33,13,2465,4485,132,129,23,25,4792,1293,148,132,59,24,1656,661,60,91,69,52,938,30769,1632,2515,1390,457,36773
316,431,230,55,5715,4515,243,915,335,65,6076,4970,422,1045,255,101,6785,6707,439,1239,225,113,8719,11067,875,1690,285,132,14052,14022,1157,1528,197,145,17045,14705,1266,1553,183,134,17842,13363,1567,1493,169,110,16699,8232,1269,984,95,69,10660,6931,1390,705,77,48,9150,3976,714,455,39,28,5213,4435,1190,505,81,38,6254,1618,1335,489,80,36,3557,1425,189,238,81,137,2059,101199,12243,13410,2897,1232,130983
317,120,89,32,2475,2009,51,258,113,39,2477,2132,112,287,111,55,2700,2881,128,311,87,51,3461,5101,215,428,92,57,5895,7199,287,414,90,72,8067,7960,377,406,62,72,8864,8018,481,447,57,46,9048,5271,401,240,43,26,5984,4518,411,237,33,31,5222,2788,217,114,23,22,3161,3199,367,159,15,15,3757,907,498,179,29,12,1632,681,68,62,37,45,892,55026,3665,3721,1068,580,64066
318,173,114,46,3856,3209,81,376,164,42,3869,3203,135,371,122,63,3888,4203,150,482,120,72,5022,7108,333,652,157,96,8337,9582,426,656,106,100,10869,11698,549,683,74,113,13118,12619,617,655,114,88,14088,9529,552,415,66,47,10612,7656,562,386,56,40,8713,4600,283,208,23,28,5147,5237,481,273,24,17,6031,1531,460,288,40,17,2329,1219,81,110,76,80,1567,85203,4784,5822,1595,869,98272
319,304,280,63,3799,3044,121,653,402,94,4315,3678,234,818,394,145,5266,5069,271,865,307,109,6624,8492,486,1166,307,120,10565,10903,537,960,203,129,12735,11241,556,928,171,96,12993,9893,720,794,128,86,11620,5777,460,458,75,55,6826,4944,495,339,56,38,5873,2791,248,191,30,20,3281,2832,354,309,42,26,3564,807,413,283,73,20,1591,1110,106,201,143,125,1682,73936,5102,8489,3236,1151,91920
397,0,0,0,0,0,0,0,0,0,0,0,0,0,0,0,3,3,0,0,4,0,10,9,0,0,0,0,9,5,0,0,0,0,12,14,0,3,0,0,17,17,0,3,0,0,22,17,0,3,0,0,22,13,0,0,0,0,14,12,0,3,0,0,17,43,5,0,0,0,47,28,0,0,0,0,28,3,0,0,0,0,3,174,12,15,6,0,202
399,730,122,50,2725,2310,184,1512,183,80,4266,2882,268,2000,161,109,5417,3689,391,2206,123,146,6548,5534,671,3028,118,181,9531,6511,908,3090,105,149,10751,7817,1178,3557,85,185,12822,8485,1637,3722,89,178,14111,5787,1321,2532,48,95,9794,4198,1349,1771,47,71,7437,2846,695,1059,25,55,4684,3400,879,996,33,40,5342,1333,515,445,25,41,2355,1131,186,493,58,169,2040,58038,10356,27349,1522,1566,98838
401,359,158,69,6938,7296,193,692,226,106,8514,7152,341,807,209,120,8637,8959,401,909,202,155,10620,14071,624,1278,169,149,16293,17951,754,1274,156,160,20298,23651,964,1385,144,176,26322,26986,1263,1334,141,173,29895,19501,1062,893,70,99,21626,17104,1254,758,72,90,19272,11842,773,463,35,48,13158,16078,1471,838,83,67,18535,7018,2174,1397,101,62,10755,2031,159,181,53,154,2583,186406,11651,12693,2263,1663,214679
402,269,133,76,5116,4722,136,594,205,79,5735,4751,212,715,187,93,5945,5930,253,826,126,112,7255,10053,402,1166,151,134,11906,13416,561,1067,136,137,15331,16096,686,1081,87,117,18070,15409,850,1016,87,117,17485,9794,604,532,27,64,11033,7729,566,395,48,48,8787,5423,289,209,18,20,5962,5649,477,320,26,26,6496,1617,502,271,22,28,2431,1367,81,124,32,90,1691,106907,5736,8690,1604,1179,124118
403,332,108,57,5115,4459,128,629,173,57,5445,4271,189,646,177,63,5346,5410,244,820,122,84,6691,8348,404,1147,149,107,10148,9898,499,1025,99,109,11624,11420,620,1124,92,96,13351,11248,768,1027,75,91,13206,6830,596,615,49,46,8129,5612,647,489,45,46,6837,3925,341,254,28,17,4570,3598,537,420,41,25,4611,1260,539,354,39,16,2213,1010,84,115,32,71,1307,82095,5683,9081,1482,892,99237
404,170,61,62,3564,3801,102,395,106,80,4475,3855,169,478,83,81,4669,5113,210,542,79,103,6049,8746,383,847,113,113,10205,12760,516,739,78,133,14229,16953,666,823,67,138,18643,16816,793,796,55,116,18575,10696,641,457,35,67,11888,8513,726,391,41,34,9701,5944,385,213,19,23,6587,7054,639,297,20,34,8045,2428,686,285,25,28,3448,1232,88,91,25,116,1560,107469,6095,6601,995,1129,122287
405,144,147,27,1638,1316,56,338,198,59,1968,1580,106,387,180,46,2299,2141,128,411,149,64,2892,3258,217,609,187,74,4347,3938,268,580,170,72,5023,4513,320,610,148,74,5661,4169,370,598,133,68,5341,2760,277,362,85,30,3510,2058,277,330,84,39,2788,1303,135,182,43,18,1679,1284,211,230,51,12,1788,339,227,204,50,10,829,447,31,101,73,51,699,30470,2688,5149,1983,659,40953
406,76,68,18,1195,1156,39,159,88,35,1481,1239,49,181,89,44,1605,1656,77,224,73,45,2082,2621,126,305,84,37,3171,2922,170,311,94,53,3545,3486,165,326,72,71,4122,3698,230,345,80,58,4418,2750,201,236,50,15,3259,2668,188,202,42,30,3122,2266,118,105,27,14,2525,3395,123,131,32,18,3700,1008,150,135,58,22,1370,511,26,69,42,40,679,30483,1684,2858,1046,507,36578
407,205,219,46,2861,2372,123,546,336,70,3439,2743,167,636,301,78,3924,3697,272,761,320,103,5145,6322,377,1097,299,133,8221,8138,450,1039,228,145,10011,8696,488,968,221,150,10521,7532,628,904,179,94,9336,4178,413,560,97,52,5301,2851,374,373,85,38,3726,1823,231,206,60,16,2339,1687,316,345,85,21,2456,418,350,301,88,31,1179,749,100,158,130,91,1219,53737,4366,8262,3136,1092,70596
497,0,0,0,0,0,0,0,0,0,0,0,0,0,0,0,0,0,0,0,0,0,0,4,0,0,0,0,4,0,0,0,0,0,3,3,0,0,0,0,3,4,0,0,0,0,4,4,0,0,0,0,4,3,0,0,0,0,3,7,0,0,0,0,7,21,0,0,0,0,22,15,0,0,0,0,15,0,0,0,0,0,0,52,0,4,0,0,64
499,303,46,19,1081,1110,59,661,50,39,1914,1257,99,781,52,63,2250,1594,108,922,54,56,2728,2255,196,1362,45,65,3932,2305,326,1474,34,59,4202,2527,366,1591,35,79,4601,2502,471,1642,25,53,4697,1475,324,1072,19,37,2927,1043,314,688,14,27,2077,606,150,366,0,8,1134,743,205,354,12,12,1332,257,126,148,10,10,551,317,55,160,22,36,587,18810,2837,11595,492,577,34311
501,204,172,41,3048,2261,76,402,216,55,3004,2674,133,458,189,54,3508,3437,143,492,172,63,4308,5354,262,682,191,102,6592,6495,287,692,145,92,7709,7009,413,814,142,75,8452,7074,476,907,137,84,8685,4757,402,545,92,48,5846,4176,523,483,69,42,5300,3342,244,290,38,27,3943,5072,434,378,43,46,5977,1345,490,323,54,20,2239,777,65,123,67,68,1099,56601,4024,6878,2083,832,70419
502,114,28,25,1388,1239,48,153,47,11,1500,1330,57,165,41,20,1606,1439,55,172,41,16,1732,2260,90,263,50,26,2692,2455,93,221,47,21,2837,2508,141,261,25,20,2952,2429,195,253,27,23,2932,1614,182,171,29,9,2007,1415,178,156,12,13,1780,1205,117,85,10,10,1439,1707,180,129,14,12,2039,476,191,135,9,8,811,318,22,42,10,23,417,21708,1580,2352,495,249,26378
503,206,93,35,4871,5758,120,339,117,60,6401,5914,175,378,99,77,6647,7008,208,432,97,85,7829,10358,395,649,122,107,11619,12852,458,694,73,93,14174,18199,616,774,94,114,19797,25677,912,877,97,121,27691,22036,785,674,62,99,23649,20077,1021,708,52,69,21921,15602,753,423,55,53,16894,30903,1732,800,86,91,33608,22942,3551,1714,109,102,28422,2241,129,142,38,139,2695,204695,10994,8920,1496,1274,227378
504,242,113,34,3691,3385,101,389,133,33,4041,3295,188,518,138,50,4194,3851,186,502,90,56,4680,5878,345,726,119,67,7134,7283,468,734,94,94,8680,9573,566,832,78,93,11136,10676,787,879,103,75,12528,7402,610,597,58,65,8732,6289,796,494,44,45,7669,4341,490,316,28,20,5200,5209,771,423,36,38,6479,1491,709,258,37,10,2518,1062,87,118,35,69,1362,73278,6200,7130,1441,766,88807
505,509,157,77,8275,6898,178,843,169,61,8153,6561,256,902,170,97,7987,7546,342,954,170,85,9096,11258,573,1385,199,126,13542,13311,705,1377,168,120,15680,15911,1027,1598,144,148,18819,17481,1386,1734,140,116,20861,12229,1203,1329,97,92,14949,9948,1527,1078,91,66,12705,7275,941,670,66,42,8988,9468,1669,897,84,49,12171,3262,1713,759,67,44,5843,1703,171,236,64,126,2297,130808,11875,14423,2267,1280,160642
506,403,186,71,6704,6599,175,692,213,78,7756,6430,333,778,152,99,7794,7888,345,939,156,91,9414,12162,613,1261,199,93,14330,15860,794,1241,161,161,18224,21342,1014,1391,146,192,24082,24857,1436,1492,164,173,28126,17830,1120,1044,95,109,20203,14719,1335,908,77,68,17105,10661,751,527,43,56,12034,15309,1490,798,76,59,17732,5788,1711,627,87,44,8262,2110,184,179,62,157,2693,168143,11485,12392,2289,1478,195786
507,405,153,55,6629,5877,138,649,183,61,6908,5654,220,602,164,75,6713,6452,255,689,115,73,7584,9801,470,1036,154,103,11561,11581,543,986,146,96,13357,14523,750,1206,107,124,16708,16709,1036,1297,136,126,19298,12593,898,882,88,84,14543,10998,1080,769,73,69,12988,8596,685,493,53,44,9869,12544,1281,681,62,56,14622,5000,1434,582,84,45,7158,1683,106,145,36,120,2090,128402,9051,10571,1992,1145,151165
509,190,204,27,1741,1401,88,338,277,39,2148,1806,124,437,301,71,2744,2241,171,515,301,63,3292,3712,320,756,335,80,5200,4412,350,784,273,97,5917,5235,427,858,239,101,6856,5352,552,897,251,81,7137,3443,478,682,192,46,4838,3120,464,594,144,49,4373,2462,272,327,86,27,3169,3729,425,478,111,42,4790,984,503,460,135,35,2116,631,79,176,153,55,1088,39943,4346,7607,3516,825,56235
510,37,31,25,810,849,25,84,37,29,1023,801,31,72,11,19,939,976,36,63,29,17,1117,1702,56,105,34,52,1948,2363,93,106,17,36,2610,3426,121,121,29,45,3747,5205,223,167,23,71,5695,5073,195,101,10,45,5419,5768,196,96,15,45,6116,6410,130,101,15,57,6712,19464,227,140,20,89,19938,16264,372,154,13,70,16879,1155,33,43,11,61,1307,70407,1764,1402,378,674,74614
511,90,108,22,1678,1355,48,185,92,24,1703,1510,76,244,92,44,1961,1959,95,244,93,50,2438,3188,200,363,123,53,3934,3899,218,330,74,61,4580,4570,257,431,96,71,5418,5338,376,502,104,62,6383,4374,312,351,59,51,5142,4702,360,284,57,25,5420,4448,228,162,36,35,4913,9170,354,247,49,47,9866,2953,446,259,61,18,3730,834,62,106,49,56,1108,49896,3089,3871,1342,637,58839
597,0,0,0,5,0,0,0,0,0,3,8,0,0,0,0,5,8,0,0,0,0,9,5,0,0,0,0,11,12,0,0,0,0,19,20,0,0,0,0,21,40,0,3,0,0,44,28,0,3,0,0,32,48,9,0,0,0,57,77,0,0,0,3,79,434,3,5,0,0,447,820,7,8,0,0,837,26,0,0,0,3,32,1536,22,23,5,8,1595
599,382,58,32,1492,1398,72,777,74,33,2352,1499,101,917,58,55,2629,1886,128,1044,53,55,3165,2621,246,1483,77,79,4506,2839,304,1594,58,90,4883,3439,500,1938,53,92,6020,3965,688,2310,61,98,7117,3055,590,1823,29,68,5571,2460,641,1419,29,52,4591,1892,392,849,6,42,3185,3349,511,996,15,45,4908,1714,361,370,19,32,2483,579,64,240,25,75,983,31862,4660,16256,754,848,54379
601,202,65,53,3572,3361,77,437,103,52,4016,3487,121,538,84,62,4298,4651,124,598,114,87,5572,7850,256,821,89,104,9122,9807,367,834,73,116,11201,12029,413,776,65,106,13391,12642,518,777,47,86,14070,8638,415,551,42,49,9691,7261,444,406,22,42,8179,4822,298,250,16,34,5415,5375,541,371,21,41,6355,1746,629,380,33,23,2811,899,54,91,34,77,1156,86026,4318,7088,983,951,99359
602,121,89,39,2117,2031,56,323,178,42,2635,2278,123,404,130,62,2993,3030,135,412,116,66,3752,4986,221,561,113,77,5964,6253,279,529,82,69,7215,6745,300,545,64,71,7725,6340,390,476,48,56,7306,3951,299,300,35,30,4605,3167,290,198,24,11,3697,2155,131,126,7,14,2430,1883,262,183,21,9,2351,584,310,211,22,6,1134,593,46,80,33,51,810,45944,2885,4516,1168,617,55131
603,51,58,3,363,331,25,119,63,13,552,401,32,162,49,16,658,537,30,155,48,19,787,821,47,201,55,22,1149,980,60,186,37,26,1295,928,65,156,25,20,1197,815,73,177,27,26,1123,483,47,87,13,7,637,315,60,70,12,10,461,189,19,45,5,7,259,184,37,58,6,8,301,56,42,59,9,0,166,112,11,27,9,19,176,6404,567,1587,510,195,9266
604,96,75,34,1674,1505,58,219,136,45,1967,1749,67,277,106,55,2265,2440,98,307,76,71,2993,3858,173,425,92,52,4598,4764,235,407,61,73,5534,5154,216,335,67,49,5824,4892,265,333,35,59,5588,2972,212,222,30,37,3469,2503,202,155,23,23,2911,1718,98,71,8,23,1925,1589,170,108,17,16,1899,423,181,123,17,12,755,476,35,60,33,62,663,35628,2028,3194,936,621,42416
697,0,0,0,0,0,0,0,0,0,0,0,0,0,0,0,0,0,0,0,0,0,0,0,0,0,0,0,0,0,0,0,0,0,6,3,0,0,0,0,3,6,0,0,0,0,6,0,0,0,0,0,3,4,0,0,0,0,4,11,0,0,0,0,11,14,0,0,0,0,15,9,0,0,0,0,9,0,0,0,0,0,0,50,3,0,0,0,55
699,69,5,7,223,321,20,167,30,18,545,338,19,223,7,17,609,459,24,254,13,19,771,660,43,358,14,26,1100,700,69,323,10,15,1124,787,84,371,3,20,1271,755,96,374,0,12,1245,458,71,237,3,13,777,269,82,169,5,4,525,133,24,91,0,4,251,151,41,71,7,3,280,84,22,42,0,6,158,116,15,41,0,7,186,5408,613,2817,126,170,9138
701,68,20,17,1433,1188,32,113,51,24,1412,1352,22,132,42,32,1576,1827,67,165,29,31,2124,2946,138,284,41,54,3463,4468,170,268,62,58,5032,6865,241,367,42,72,7581,9198,352,373,57,95,10068,7637,338,296,35,58,8372,6752,474,243,20,52,7541,5414,280,162,7,30,5892,9005,488,265,17,61,9833,5460,481,225,16,28,6214,980,42,45,13,76,1162,64662,3159,3025,575,705,72120
702,25,19,16,775,1311,19,64,30,22,1439,972,24,63,15,13,1089,1105,34,58,16,20,1234,2180,61,111,16,22,2390,2629,100,120,21,35,2913,3281,120,136,15,44,3595,4071,178,144,12,39,4436,3323,149,116,12,28,3630,2960,159,86,13,25,3243,2337,109,64,3,18,2526,3735,116,74,3,17,3945,1224,131,46,8,6,1418,857,34,35,14,48,985,30812,1242,1171,272,361,33860
797,0,0,0,5,0,0,0,0,0,0,0,0,0,0,0,0,0,0,0,0,0,0,3,0,0,0,0,3,0,0,3,0,0,0,7,0,0,0,0,7,0,0,0,0,0,7,0,0,0,0,0,0,4,0,0,0,0,3,16,0,0,0,0,16,20,0,0,0,0,20,31,0,0,0,0,33,0,0,0,0,0,3,88,3,4,4,0,91
799,18,4,0,60,69,3,35,6,0,111,49,7,50,10,3,117,77,9,38,12,0,135,132,19,60,8,7,227,157,14,66,0,4,238,231,33,71,3,3,353,331,47,85,3,10,480,255,42,81,0,8,385,203,46,65,0,9,318,198,33,61,0,3,296,399,46,54,0,0,499,272,20,24,0,5,319,51,10,21,0,7,89,2493,331,736,60,61,3679
801,283,100,50,6937,5914,127,386,90,43,6560,5169,170,433,109,53,5927,6200,214,477,100,82,7076,9587,421,689,112,96,10909,12697,537,697,99,106,14144,17427,736,819,91,118,19197,23419,1009,878,85,124,25511,23901,813,649,53,92,25505,23761,974,542,40,72,25394,16586,642,357,31,55,17666,34902,1299,560,57,79,36899,12811,2044,781,37,78,15747,1948,97,88,28,99,2262,201286,9197,7719,1301,1151,220648
897,0,0,0,0,0,0,0,0,0,0,0,0,0,0,0,0,0,0,0,0,0,0,0,0,0,0,0,0,0,0,0,0,0,0,0,0,0,0,0,0,0,0,0,0,0,0,0,0,0,0,0,0,0,0,0,0,0,0,0,0,0,0,0,0,0,0,0,0,0,0,0,0,0,0,0,0,0,0,0,0,0,0,0,0,0,0,0,0
899,49,6,3,294,199,7,75,3,0,286,199,3,87,4,5,305,240,23,101,0,7,373,398,36,144,8,7,597,430,74,145,5,5,661,505,76,214,9,7,809,625,129,239,9,7,1008,445,110,141,0,3,702,345,108,115,8,4,577,226,61,62,0,0,351,277,70,84,3,0,436,121,74,34,0,4,238,64,16,29,3,9,115,4344,805,1534,69,78,6819
901,3,7,3,56,66,0,10,3,0,78,82,0,21,3,3,116,91,4,35,4,8,142,191,3,37,4,6,244,262,3,22,3,9,301,261,13,27,5,3,315,256,16,39,0,10,319,194,13,13,4,4,236,198,7,11,0,3,228,179,5,10,0,0,200,240,6,14,0,4,268,100,16,6,0,0,120,32,0,8,0,4,45,2215,93,272,49,62,2692
997,0,0,0,0,0,0,0,0,0,0,0,0,0,0,0,0,0,0,0,0,0,0,0,0,0,0,0,0,0,0,0,0,0,0,0,0,0,0,0,0,0,0,0,0,0,0,0,0,0,0,0,0,0,0,0,0,0,0,0,0,0,0,0,0,0,0,0,0,0,0,0,0,0,0,0,0,0,0,0,0,0,0,0,0,0,0,0,0
999,0,0,0,0,0,4,0,0,0,3,3,0,0,0,0,3,3,0,0,0,0,6,5,0,0,0,0,7,3,0,0,0,0,5,8,0,0,0,0,5,4,4,3,0,0,9,10,0,0,0,0,5,4,0,0,0,0,10,9,0,0,0,0,9,14,0,0,0,0,17,24,3,0,0,0,27,0,0,0,0,0,0,92,13,11,3,0,118